{
    "Current Price": 495.841828853877,
    "Highest price of the day": 514.0562248995984,
    "Lowest price of the day": 491.6486458655133,
    "Open Price": 506.6501905056122,
    "Previous Close Price": 516.5853156214603,
    "Unix-Timestamp": 1607708982
}